Página,Título,Empresa,Ubicación
1,"Desarrollador programador junior
        



                Postulado
            

                Vista",OK HOSTING,Sin ubicación
1,"Salesforce Developer Jr
        



                Postulado
            

                Vista","4.3
                




                IDS Comercial, S.A. de C.V.",Sin ubicación
1,"Desarrollador .NET y Angular Senior
        



                Postulado
            

                Vista",Lumina Software,Sin ubicación
1,"Desarrollador Angular Sr Especialista en Design Systems
        



                Postulado
            

                Vista",Lumina Software,Sin ubicación
1,"Desarrollador SAP Sales Cloud (PDI/SDK)
        



                Postulado
            

                Vista","4.3
                




                IDS Comercial, S.A. de C.V.",Sin ubicación
1,"Desarrollador Fullstack (Python, React JS, AWS) Inglés Conversacional
        



                Postulado
            

                Vista","4.4
                




                SOFTTEK",Sin ubicación
1,"Desarrollador BI
        



                Postulado
            

                Vista","4.3
                




                IDS Comercial, S.A. de C.V.",Sin ubicación
1,"Desarrollador C#/.NET Core/ AWS
        



                Postulado
            

                Vista","4.4
                




                SOFTTEK",Sin ubicación
1,"Desarrollador Fullstack C# /.NET Core/ AWS / React JS / NextJS
        



                Postulado
            

                Vista","4.4
                




                SOFTTEK",Sin ubicación
1,"Desarrollador IOS / React Native
        



                Postulado
            

                Vista","4.4
                




                SOFTTEK",Sin ubicación
1,"Desarrollador Android / React Native
        



                Postulado
            

                Vista","4.4
                




                SOFTTEK",Sin ubicación
1,"Desarrollador NextJS y Drupal
        



                Postulado
            

                Vista",Lumina Software,Sin ubicación
1,"Sr Developer
        



                Postulado
            

                Vista",SMART BAMBOO,Sin ubicación
1,"Desarrollador
        



                Postulado
            

                Vista","4.2
                




                Cibergestión",Sin ubicación
1,"Programador SQL
        



                Postulado
            

                Vista","4.1
                




                MiReclu",Sin ubicación
1,"Desarrollador full stack semisenior para plataforma fintech
        



                Postulado
            

                Vista",CONSULTORÍA BLC,Sin ubicación
1,"Desarrollador Backend Java (Presencial)
        



                Postulado
            

                Vista","4.0
                




                Grupo Nach",Sin ubicación
1,"Senior Software Developer Bilingual
        



                Postulado
            

                Vista","4.5
                




                CROWE MÉXICO",Sin ubicación
1,"Desarrollador AWS (Java, python o .NET)
        



                Postulado
            

                Vista","4.4
                




                SOFTTEK",Sin ubicación
1,"Desarrollador Senior C# .NET / Azure
        



                Postulado
            

                Vista",Gacse Systems,Sin ubicación
2,"OpenText Capture Developer (AWS / .NET)
        



                Postulado
            

                Vista","4.3
                




                ManpowerGroup",Sin ubicación
2,"Desarrollador Unity Semi Sr
        



                Postulado
            

                Vista",Lumina Software,Sin ubicación
2,"Desarrollador Flutter
        



                Postulado
            

                Vista","4.3
                




                IDS Comercial, S.A. de C.V.",Sin ubicación
2,"Desarrollador Java Quarkus
        



                Postulado
            

                Vista","4.3
                




                IDS Comercial, S.A. de C.V.",Sin ubicación
2,"Salesforce Developer
        



                Postulado
            

                Vista","4.3
                




                IDS Comercial, S.A. de C.V.",Sin ubicación
2,"Desarrollador software Homeoffice
        



                Postulado
            

                Vista",Importante empresa del sector,Sin ubicación
2,"Desarrollador Odoo Junior o Semisr
        



                Postulado
            

                Vista",CORUS,Sin ubicación
2,"Desarrollador Senior de Aplicaciones Móviles
        



                Postulado
            

                Vista","4.4
                




                ATH Organización",Sin ubicación
2,"OpenText Capture Developer (AWS / .NET)
        



                Postulado
            

                Vista","4.3
                




                ManpowerGroup",Sin ubicación
2,"Desarrollador .net
        



                Postulado
            

                Vista",BIGDATA,Sin ubicación
2,"Sales Rep – Outbound Calls to Developers in the US (Mexico)
        



                Postulado
            

                Vista",OPULENCE GLOBAL SOLUTIONS,Sin ubicación
2,"AI Developer
        



                Postulado
            

                Vista","4.3
                




                ManpowerGroup",Sin ubicación
2,"AI Developer
        



                Postulado
            

                Vista","4.3
                




                ManpowerGroup",Sin ubicación
2,"Desarrollador
        



                Postulado
            

                Vista",Lexium,Sin ubicación
2,"Desarrollador programador
        



                Postulado
            

                Vista",Softlinkia S.A. de C.V.,Sin ubicación
2,"Backend developer
        



                Postulado
            

                Vista",Arkon Data,Sin ubicación
2,"Automation / AI Developer – Creative Systems
        



                Postulado
            

                Vista",DESIGNIT,Sin ubicación
2,"Programador front end
        



                Postulado
            

                Vista",GARTA,Sin ubicación
2,"Desarrollador senior Android
        



                Postulado
            

                Vista",MANDARIN PROJECTS,Sin ubicación
2,"Full stack senior developer
        



                Postulado
            

                Vista",Local Adventures,Sin ubicación
3,"Desarrollador software
        



                Postulado
            

                Vista",VALUE TIRES COMPANY,Sin ubicación
3,"Programador Frontend
        



                Postulado
            

                Vista",Pharmis Traze,Sin ubicación
3,"Desarrollador BI Jr
        



                Postulado
            

                Vista",MCMX,Sin ubicación
3,"Desarrollador JR
        



                Postulado
            

                Vista",Neftworks Systems,Sin ubicación
3,"Desarrollador Full Stack
        



                Postulado
            

                Vista",Fibrasonic,Sin ubicación
3,"Desarrollador sistemas
        



                Postulado
            

                Vista",ALFA SEGUROS,Sin ubicación
3,"Especialista en Gestión de Ecommerce
        



                Postulado
            

                Vista",GT HOOKAH,Sin ubicación
3,"Diseñador UX / UI Senior
        



                Postulado
            

                Vista",Lumina Software,Sin ubicación
3,"Modelación Financiera
        



                Postulado
            

                Vista",CONSULTORIA EN INTERNET ERGO SUM,Sin ubicación
3,"Ejecutivo de ventas B2B
        



                Postulado
            

                Vista",Involve RH,Sin ubicación
3,"Data Architect
        



                Postulado
            

                Vista",Lumina Software,Sin ubicación
3,"Senior Software Engineer (Remote MX)
        



                Postulado
            

                Vista",CXCENTRODECONTACTO,Sin ubicación
3,"Arquitecto de software
        



                Postulado
            

                Vista","4.2
                




                Cibergestión",Sin ubicación
3,"Senior Solutions Architect
        



                Postulado
            

                Vista","4.5
                




                CROWE MÉXICO",Sin ubicación
3,"Business Analyst Senior
        



                Postulado
            

                Vista",Lumina Software,Sin ubicación
3,"Administrador de Bases de Datos Informix y Linux
        



                Postulado
            

                Vista",Lumina Software,Sin ubicación
3,"Analista de desarrollo de software
        



                Postulado
            

                Vista",ribbit,Sin ubicación
3,"Desarrollador(a) de Software (JR a SR)
        



                Postulado
            

                Vista",cometax.ti,Sin ubicación
3,"Diseñador/a grafico
        



                Postulado
            

                Vista",Guadalajara Web,Sin ubicación
3,"Sales Executive
        



                Postulado
            

                Vista",Linbis,Sin ubicación
4,"Ejecutivo(a) de Ventas de Software (SaaS)
        



                Postulado
            

                Vista",cometax.ti,Sin ubicación
4,"Ingeniero software
        



                Postulado
            

                Vista",LETOS,Sin ubicación
4,"Asesor Comercial Digital – Ventas de Sitios Web
        



                Postulado
            

                Vista",King Meat,Sin ubicación
4,"Ingeniero Automatización de Procesos Financieros Python
        



                Postulado
            

                Vista",ORBITWARE,Sin ubicación
4,"Analista de soporte de software
        



                Postulado
            

                Vista",QSolutions,Sin ubicación
4,"Agente de ventas
        



                Postulado
            

                Vista",FLORIBERTO ISLAS AGUSTIN,Sin ubicación
4,"Senior Engineer Software
        



                Postulado
            

                Vista",Paylocity,Sin ubicación
4,"Senior Engineer Software Testing
        



                Postulado
            

                Vista",Paylocity,Sin ubicación
